,OrderID,ProductID,Quantity,Price/item
0,1,1764,3,19.99
1,1,390,3,14.99
2,1,154,2,19.99
3,2,663,1,30.99
4,2,1378,2,14.99
5,2,1123,1,30.99
6,2,1501,2,14.99
7,3,1653,2,14.99
8,3,908,2,24.99
9,3,888,1,9.99
10,3,254,1,9.99
11,3,1755,2,9.99
12,3,1295,3,30.99
13,4,1361,2,19.99
14,5,747,2,30.99
15,5,1266,3,24.99
16,5,384,3,30.99
17,5,635,2,9.99
18,6,34,2,30.99
19,7,1811,2,19.99
20,7,208,3,19.99
21,7,1895,2,14.99
22,7,201,2,24.99
23,7,310,1,19.99
24,7,1764,3,19.99
25,8,1901,2,9.99
26,8,587,2,9.99
27,8,1476,3,24.99
28,9,760,1,9.99
29,9,279,1,14.99
30,9,614,1,14.99
31,9,1533,1,19.99
32,9,1148,2,14.99
33,9,131,2,30.99
34,9,1084,2,14.99
35,10,1242,2,24.99
36,10,1021,2,24.99
37,10,1138,3,14.99
38,10,1352,3,24.99
39,10,1909,2,9.99
40,11,862,2,24.99
41,11,1083,2,9.99
42,11,1064,3,19.99
43,12,918,1,9.99
44,12,38,1,24.99
45,12,406,1,14.99
46,12,234,3,9.99
47,12,31,2,19.99
48,12,1520,1,24.99
49,12,121,3,9.99
50,13,1822,2,24.99
51,13,259,1,9.99
52,13,671,1,9.99
53,13,1809,3,24.99
54,13,918,1,9.99
55,13,687,2,14.99
56,13,1336,1,24.99
57,14,919,3,24.99
58,14,1304,1,14.99
59,14,1749,2,24.99
60,14,797,1,30.99
61,14,1258,3,24.99
62,15,1171,2,30.99
63,16,1490,3,14.99
64,16,1337,1,24.99
65,16,1069,2,14.99
66,16,453,1,14.99
67,16,268,2,19.99
68,16,1580,3,24.99
69,16,583,3,14.99
70,16,1640,2,24.99
71,17,1910,2,24.99
72,17,352,2,19.99
73,17,742,2,30.99
74,17,250,2,9.99
75,17,22,1,24.99
76,17,264,3,9.99
77,17,79,3,14.99
78,17,1692,2,19.99
79,18,28,2,19.99
80,18,49,3,19.99
81,18,1425,1,9.99
82,18,1496,3,9.99
83,18,846,1,19.99
84,18,379,2,9.99
85,18,1908,1,19.99
86,19,747,1,30.99
87,19,1586,2,14.99
88,20,1844,3,9.99
89,20,1774,1,19.99
90,20,988,3,30.99
91,21,1718,2,19.99
92,21,69,3,9.99
93,21,1016,3,24.99
94,21,890,3,14.99
95,21,1134,2,14.99
96,21,20,3,9.99
97,21,224,1,30.99
98,21,815,3,14.99
99,22,1829,1,9.99
100,22,194,2,9.99
101,22,361,3,9.99
102,22,1873,1,9.99
103,22,1578,1,14.99
104,22,1307,3,19.99
105,22,1812,2,24.99
106,22,1291,2,24.99
107,23,637,3,24.99
108,23,1173,2,24.99
109,23,146,3,24.99
110,24,718,3,9.99
111,24,383,3,14.99
112,24,623,3,19.99
113,24,73,2,24.99
114,24,1868,1,24.99
115,24,1874,2,30.99
116,24,434,1,14.99
117,25,796,2,19.99
118,25,1097,2,24.99
119,25,1542,2,24.99
120,26,1912,3,19.99
121,26,876,2,24.99
122,26,1392,3,24.99
123,26,1661,2,24.99
124,26,101,2,9.99
125,26,817,3,14.99
126,27,108,3,30.99
127,27,1770,1,14.99
128,27,1256,2,30.99
129,27,641,2,9.99
130,28,307,2,9.99
131,28,1437,2,19.99
132,28,1631,2,14.99
133,28,1493,2,24.99
134,28,722,1,19.99
135,28,1437,3,19.99
136,28,886,1,14.99
137,28,1667,2,24.99
138,29,1905,3,14.99
139,29,237,3,19.99
140,29,166,1,24.99
141,29,373,1,14.99
142,29,219,3,24.99
143,29,801,3,30.99
144,29,1432,2,30.99
145,30,743,3,30.99
146,30,1230,2,24.99
147,30,18,2,14.99
148,30,1609,1,9.99
149,31,1201,3,24.99
150,31,282,2,9.99
151,31,50,1,14.99
152,31,464,2,30.99
153,31,1416,1,19.99
154,31,748,3,14.99
155,31,639,2,24.99
156,32,211,1,19.99
157,33,848,1,30.99
158,33,152,3,9.99
159,33,1362,3,19.99
160,33,174,2,9.99
161,33,1839,1,14.99
162,34,1314,1,14.99
163,34,877,3,14.99
164,34,1083,2,9.99
165,34,1867,1,19.99
166,34,1870,2,9.99
167,34,657,3,9.99
168,34,1122,1,24.99
169,34,1805,1,19.99
170,35,1350,3,24.99
171,36,1543,1,14.99
172,36,34,3,30.99
173,37,1640,1,24.99
174,37,1839,2,14.99
175,37,1064,1,19.99
176,38,906,3,30.99
177,39,1005,2,30.99
178,39,1863,2,9.99
179,39,751,2,19.99
180,39,79,1,14.99
181,39,85,1,19.99
182,40,949,2,19.99
183,40,1462,1,9.99
184,40,83,2,24.99
185,40,1329,1,24.99
186,40,476,1,24.99
187,40,1133,3,24.99
188,41,1855,2,30.99
189,42,1009,2,14.99
190,42,41,1,30.99
191,43,899,2,19.99
192,43,1664,1,19.99
193,43,456,3,24.99
194,44,109,2,24.99
195,44,1159,1,19.99
196,44,1250,3,24.99
197,44,1886,2,30.99
198,44,1443,3,19.99
199,44,1220,3,19.99
200,44,1533,1,19.99
201,45,205,2,30.99
202,45,1849,1,30.99
203,45,1035,2,9.99
204,45,1384,2,30.99
205,45,436,2,19.99
206,45,1825,2,9.99
207,45,1832,2,9.99
208,46,1510,2,30.99
209,46,1868,2,24.99
210,46,673,2,24.99
211,46,636,2,14.99
212,46,57,2,30.99
213,46,354,3,30.99
214,46,696,3,14.99
215,47,1133,1,24.99
216,47,19,2,14.99
217,47,191,2,19.99
218,47,1023,3,19.99
219,47,908,2,24.99
220,47,905,3,30.99
221,47,1865,3,9.99
222,47,1019,1,30.99
223,48,1686,1,19.99
224,48,748,3,14.99
225,48,73,3,24.99
226,48,389,3,19.99
227,48,372,1,30.99
228,49,596,1,19.99
229,49,205,3,30.99
230,49,645,1,24.99
231,49,851,1,24.99
232,49,920,3,30.99
233,49,722,1,19.99
234,49,832,1,19.99
235,49,142,2,14.99
236,50,228,3,30.99
237,50,1168,2,14.99
238,50,866,2,30.99
239,50,1301,2,24.99
240,50,1196,1,19.99
241,50,1120,1,19.99
242,50,403,3,14.99
243,50,1851,1,14.99
244,51,396,1,9.99
245,51,1369,2,14.99
246,51,1375,3,30.99
247,51,1189,2,19.99
248,51,979,1,30.99
249,51,1771,2,14.99
250,51,1206,2,30.99
251,51,1092,3,14.99
252,52,621,1,19.99
253,52,1802,3,19.99
254,52,540,1,9.99
255,53,415,1,9.99
256,53,334,3,24.99
257,53,1000,3,9.99
258,53,1032,1,19.99
259,54,347,1,30.99
260,54,1604,1,24.99
261,54,109,1,24.99
262,54,516,2,9.99
263,54,1406,3,9.99
264,54,93,1,14.99
265,54,751,1,19.99
266,54,892,2,9.99
267,55,952,1,14.99
268,55,154,1,19.99
269,55,312,3,14.99
270,56,495,1,24.99
271,56,1747,2,19.99
272,56,1693,3,24.99
273,56,1081,2,19.99
274,56,138,1,19.99
275,56,1385,1,30.99
276,57,1425,2,9.99
277,57,598,1,24.99
278,58,1428,2,30.99
279,58,517,2,9.99
280,58,513,1,14.99
281,58,1419,2,9.99
282,58,589,2,14.99
283,58,1457,2,14.99
284,59,219,1,24.99
285,59,361,3,9.99
286,59,1049,2,9.99
287,59,1915,1,24.99
288,59,1275,3,24.99
289,60,1497,3,9.99
290,60,1736,2,19.99
291,60,1526,2,14.99
292,60,511,1,30.99
293,60,738,3,14.99
294,60,1906,1,30.99
295,60,483,1,19.99
296,60,1166,1,9.99
297,61,922,3,19.99
298,61,1213,2,19.99
299,61,182,3,19.99
300,62,1757,3,24.99
301,63,347,1,30.99
302,63,1415,2,24.99
303,63,1093,2,14.99
304,64,1285,2,30.99
305,65,1018,1,19.99
306,65,386,2,30.99
307,66,1925,3,30.99
308,66,1039,2,14.99
309,67,799,2,24.99
310,67,1348,2,30.99
311,68,1588,1,19.99
312,68,350,2,30.99
313,68,810,2,24.99
314,68,1006,1,14.99
315,68,1103,2,30.99
316,68,185,2,30.99
317,68,1082,1,24.99
318,69,910,3,30.99
319,69,981,1,24.99
320,69,1465,2,30.99
321,69,1023,3,19.99
322,70,611,2,19.99
323,70,1754,3,30.99
324,70,512,1,9.99
325,71,1236,2,24.99
326,71,1449,1,19.99
327,72,1291,2,24.99
328,72,1599,2,24.99
329,72,316,1,19.99
330,72,1928,3,19.99
331,72,1133,1,24.99
332,72,1774,2,19.99
333,72,561,2,30.99
334,73,1174,3,24.99
335,73,1167,3,9.99
336,73,1469,3,9.99
337,73,257,2,14.99
338,73,1155,2,9.99
339,73,565,2,9.99
340,73,279,3,14.99
341,74,1683,1,24.99
342,74,1056,3,9.99
343,74,1309,1,14.99
344,74,842,1,9.99
345,74,631,3,9.99
346,74,1868,1,24.99
347,75,139,1,14.99
348,75,1122,2,24.99
349,75,1171,3,30.99
350,75,855,3,24.99
351,75,681,3,24.99
352,75,970,3,9.99
353,75,1633,3,14.99
354,75,799,3,24.99
355,76,134,1,14.99
356,76,1488,2,19.99
357,76,804,3,19.99
358,76,1253,2,9.99
359,76,1386,3,24.99
360,76,297,2,14.99
361,76,1267,2,14.99
362,76,1452,1,14.99
363,77,1643,1,9.99
364,77,1386,3,24.99
365,78,1510,2,30.99
366,79,618,3,14.99
367,79,466,2,9.99
368,79,277,1,19.99
369,80,1701,1,19.99
370,80,282,1,9.99
371,80,12,2,30.99
372,80,593,1,24.99
373,80,285,1,24.99
374,80,1398,2,9.99
375,80,1147,1,14.99
376,81,1455,3,19.99
377,81,702,1,24.99
378,81,47,2,19.99
379,81,68,2,19.99
380,81,858,3,24.99
381,81,6,2,9.99
382,81,987,1,14.99
383,81,1707,1,14.99
384,82,1346,1,19.99
385,82,199,2,30.99
386,82,1679,2,19.99
387,83,50,3,14.99
388,83,273,3,9.99
389,83,388,2,9.99
390,83,565,2,9.99
391,83,1816,2,14.99
392,83,554,1,24.99
393,83,447,1,30.99
394,84,1563,1,30.99
395,84,1869,2,9.99
396,84,782,1,30.99
397,85,1112,1,24.99
398,85,1213,3,19.99
399,85,91,2,30.99
400,85,1128,1,19.99
401,85,361,2,9.99
402,86,1056,2,9.99
403,86,1287,1,14.99
404,86,1714,2,9.99
405,86,1060,2,9.99
406,86,17,2,30.99
407,87,217,1,9.99
408,87,235,2,30.99
409,87,761,2,9.99
410,87,135,1,24.99
411,87,1335,1,9.99
412,88,336,3,30.99
413,88,1180,3,19.99
414,88,1406,2,9.99
415,88,427,1,24.99
416,88,1656,3,30.99
417,89,3,2,14.99
418,89,1630,2,9.99
419,89,1767,3,30.99
420,89,1424,1,24.99
421,89,766,3,24.99
422,89,1079,3,19.99
423,89,304,1,19.99
424,90,1456,2,24.99
425,90,519,1,24.99
426,91,586,3,30.99
427,91,63,3,30.99
428,91,128,1,9.99
429,91,1397,3,14.99
430,91,1925,2,30.99
431,91,863,1,19.99
432,92,1263,1,9.99
433,92,310,2,19.99
434,92,1172,3,24.99
435,92,1446,2,24.99
436,92,903,2,19.99
437,92,1634,3,14.99
438,92,922,2,19.99
439,93,1792,1,30.99
440,93,1512,1,9.99
441,94,1793,1,24.99
442,94,1493,1,24.99
443,94,1524,1,19.99
444,94,1183,3,30.99
445,94,1157,1,9.99
446,94,1757,2,24.99
447,95,1380,2,9.99
448,95,1458,1,30.99
449,96,1255,1,24.99
450,96,1346,3,19.99
451,96,625,2,9.99
452,97,1048,1,9.99
453,97,11,3,19.99
454,97,698,2,24.99
455,98,1516,1,30.99
456,98,1124,3,14.99
457,98,594,1,24.99
458,98,378,2,19.99
459,98,1203,1,30.99
460,98,295,1,9.99
461,98,230,1,14.99
462,99,834,2,24.99
463,100,1496,2,9.99
464,100,84,1,9.99
465,100,1057,3,9.99
466,100,1642,2,9.99
467,100,636,3,14.99
468,101,347,3,30.99
469,101,60,2,24.99
470,101,208,3,19.99
471,101,1683,1,24.99
472,101,712,3,9.99
473,101,1909,1,9.99
474,101,162,3,24.99
475,102,220,1,14.99
476,103,1341,2,24.99
477,103,944,1,19.99
478,103,623,3,19.99
479,103,648,3,19.99
480,103,944,3,19.99
481,103,529,2,19.99
482,103,459,3,14.99
483,104,871,1,30.99
484,104,1458,3,30.99
485,105,1839,3,14.99
486,105,1302,3,24.99
487,105,537,2,14.99
488,105,1450,2,24.99
489,106,745,1,30.99
490,106,331,3,9.99
491,106,1751,3,24.99
492,106,485,2,24.99
493,106,148,1,19.99
494,106,309,1,14.99
495,107,1524,2,19.99
496,107,1618,2,24.99
497,107,1471,1,24.99
498,107,1577,1,14.99
499,107,1356,1,19.99
500,107,677,1,24.99
501,107,1050,2,24.99
502,108,582,1,9.99
503,108,1775,2,9.99
504,108,1343,3,30.99
505,108,1753,2,24.99
506,108,832,3,19.99
507,108,1027,3,14.99
508,108,1827,3,24.99
509,108,1838,2,30.99
510,109,597,3,14.99
511,110,580,2,24.99
512,110,1734,3,30.99
513,110,214,2,9.99
514,110,1144,1,14.99
515,110,424,2,24.99
516,110,1115,2,19.99
517,111,1678,2,24.99
518,111,14,3,9.99
519,111,582,3,9.99
520,112,333,3,30.99
521,112,1576,1,24.99
522,112,360,2,9.99
523,112,1684,3,14.99
524,113,1175,3,9.99
525,113,1925,3,30.99
526,113,1679,3,19.99
527,113,1605,3,30.99
528,114,1875,3,14.99
529,114,351,1,14.99
530,114,1580,2,24.99
531,114,1524,3,19.99
532,114,1914,2,14.99
533,114,506,1,9.99
534,114,1513,2,24.99
535,115,1358,1,9.99
536,115,1674,2,30.99
537,115,1112,3,24.99
538,115,777,3,24.99
539,115,1888,2,19.99
540,116,1596,1,9.99
541,116,504,2,30.99
542,116,1348,1,30.99
543,117,321,1,30.99
544,117,786,3,30.99
545,117,780,3,24.99
546,117,572,3,30.99
547,117,1904,2,14.99
548,117,825,3,30.99
549,117,708,3,9.99
550,118,168,2,30.99
551,118,139,2,14.99
552,118,735,2,19.99
553,118,711,3,24.99
554,118,95,2,30.99
555,118,1359,3,19.99
556,118,42,3,9.99
557,119,908,3,24.99
558,119,1111,1,14.99
559,119,744,3,9.99
560,119,1689,2,14.99
561,119,277,1,19.99
562,119,493,3,30.99
563,120,1687,3,19.99
564,120,1673,1,9.99
565,120,1369,2,14.99
566,121,845,2,30.99
567,121,1216,3,19.99
568,121,62,3,19.99
569,121,862,1,24.99
570,121,1155,3,9.99
571,121,940,2,14.99
572,122,1600,1,19.99
573,122,1732,1,19.99
574,122,1040,2,14.99
575,122,1521,3,19.99
576,123,810,1,24.99
577,123,1388,2,14.99
578,123,104,2,24.99
579,123,794,2,30.99
580,123,1591,3,30.99
581,123,1429,3,19.99
582,123,875,2,19.99
583,123,1318,3,30.99
584,124,781,1,14.99
585,124,1814,1,30.99
586,124,168,2,30.99
587,124,214,1,9.99
588,124,1276,1,9.99
589,124,52,1,9.99
590,124,346,1,19.99
591,124,1219,3,14.99
592,125,608,3,14.99
593,125,26,3,9.99
594,126,913,1,24.99
595,127,1466,3,14.99
596,127,712,2,9.99
597,127,1134,1,14.99
598,127,1677,2,24.99
599,127,465,3,24.99
600,127,1590,2,9.99
601,127,6,1,9.99
602,128,686,1,30.99
603,128,1723,1,14.99
604,128,894,2,24.99
605,128,1009,1,14.99
606,128,1033,3,9.99
607,128,343,2,19.99
608,128,446,2,24.99
609,128,270,3,24.99
610,129,1545,3,19.99
611,129,414,2,14.99
612,129,1751,3,24.99
613,130,1058,3,9.99
614,131,1917,1,24.99
615,131,1499,2,30.99
616,132,605,2,14.99
617,132,1537,3,9.99
618,132,62,3,19.99
619,132,1467,1,30.99
620,132,102,2,30.99
621,132,1879,2,19.99
622,132,1670,2,30.99
623,132,699,3,24.99
624,133,1045,1,24.99
625,133,871,1,30.99
626,133,1353,2,9.99
627,133,1217,1,19.99
628,134,1159,3,19.99
629,134,1731,3,24.99
630,134,172,3,14.99
631,134,796,2,19.99
632,134,1006,3,14.99
633,134,836,2,9.99
634,134,1136,2,14.99
635,134,440,2,9.99
636,135,1778,3,19.99
637,135,1383,3,24.99
638,135,55,2,24.99
639,135,429,1,9.99
640,135,1181,2,19.99
641,135,1417,2,19.99
642,135,44,1,30.99
643,136,419,2,9.99
644,136,1199,2,9.99
645,136,1433,3,14.99
646,136,966,2,30.99
647,136,1804,2,9.99
648,137,53,1,14.99
649,137,1149,2,19.99
650,137,896,3,30.99
651,137,777,3,24.99
652,137,1322,2,9.99
653,137,841,2,30.99
654,137,521,2,14.99
655,138,1682,2,9.99
656,138,1834,3,9.99
657,138,1688,1,14.99
658,138,221,3,9.99
659,138,1404,3,9.99
660,139,729,1,14.99
661,139,1056,2,9.99
662,139,913,1,24.99
663,139,855,3,24.99
664,140,1189,2,19.99
665,141,619,3,9.99
666,141,1505,2,14.99
667,141,1118,3,9.99
668,141,804,2,19.99
669,141,663,3,30.99
670,141,1576,2,24.99
671,141,1767,1,30.99
672,142,459,3,14.99
673,142,1214,1,24.99
674,142,885,1,14.99
675,142,829,2,24.99
676,143,1632,3,19.99
677,144,688,1,9.99
678,144,224,3,30.99
679,144,1459,1,24.99
680,144,1313,2,30.99
681,144,1280,3,9.99
682,144,552,2,24.99
683,144,763,1,30.99
684,145,1930,1,19.99
685,145,1086,3,24.99
686,146,99,3,24.99
687,146,1078,1,24.99
688,146,1290,1,24.99
689,147,1337,1,24.99
690,147,1854,1,14.99
691,148,1058,3,9.99
692,148,1173,1,24.99
693,148,671,3,9.99
694,148,1729,1,24.99
695,148,468,2,30.99
696,148,553,2,30.99
697,148,108,1,30.99
698,148,1732,2,19.99
699,149,865,1,30.99
700,150,1737,2,19.99
701,150,960,3,24.99
702,150,223,1,24.99
703,150,62,1,19.99
704,151,1800,1,24.99
705,152,149,2,9.99
706,152,1475,3,9.99
707,152,1215,1,9.99
708,152,1647,2,24.99
709,153,225,2,30.99
710,153,71,3,19.99
711,153,1104,2,24.99
712,153,1167,2,9.99
713,153,1353,1,9.99
714,153,318,1,30.99
715,153,678,2,9.99
716,154,144,2,19.99
717,154,97,3,24.99
718,154,33,2,30.99
719,154,184,1,14.99
720,154,785,1,9.99
721,154,808,3,19.99
722,154,1925,2,30.99
723,155,123,3,24.99
724,155,451,2,19.99
725,155,201,1,24.99
726,155,1103,3,30.99
727,156,1905,3,14.99
728,156,857,2,24.99
729,156,1547,2,24.99
730,156,14,1,9.99
731,156,631,3,9.99
732,156,737,1,30.99
733,157,1409,1,24.99
734,157,1606,3,24.99
735,157,1741,1,24.99
736,157,1307,3,19.99
737,158,764,3,19.99
738,158,310,1,19.99
739,158,272,2,9.99
740,158,1709,3,30.99
741,158,1739,2,24.99
742,159,1527,1,19.99
743,159,928,1,9.99
744,159,1655,2,9.99
745,159,1091,3,30.99
746,159,1669,1,19.99
747,160,1632,1,19.99
748,160,1167,1,9.99
749,160,508,2,30.99
750,161,1167,1,9.99
751,161,1827,1,24.99
752,161,407,2,30.99
753,162,1389,2,14.99
754,162,771,3,30.99
755,162,1183,1,30.99
756,163,1111,2,14.99
757,163,1078,1,24.99
758,163,253,3,9.99
759,163,465,1,24.99
760,163,970,2,9.99
761,164,581,3,24.99
762,164,1772,1,19.99
763,164,1699,2,14.99
764,164,1826,1,19.99
765,164,437,1,14.99
766,164,1374,3,9.99
767,164,1388,3,14.99
768,164,1353,3,9.99
769,165,542,2,19.99
770,165,214,2,9.99
771,165,1343,2,30.99
772,165,437,1,14.99
773,165,1263,1,9.99
774,166,1393,3,24.99
775,166,1657,1,9.99
776,166,138,1,19.99
777,166,1528,3,9.99
778,166,1200,3,14.99
779,166,45,3,24.99
780,167,727,3,24.99
781,167,784,3,9.99
782,167,1527,2,19.99
783,167,1035,3,9.99
784,167,271,2,9.99
785,167,1074,2,14.99
786,167,961,1,9.99
787,168,1646,2,9.99
788,169,101,3,9.99
789,169,428,3,19.99
790,169,177,3,14.99
791,170,1499,3,30.99
792,170,466,3,9.99
793,170,1682,3,9.99
794,171,171,1,14.99
795,171,265,1,19.99
796,171,462,2,30.99
797,171,899,2,19.99
798,171,587,3,9.99
799,171,1407,1,19.99
800,171,1025,2,9.99
801,172,1920,2,14.99
802,172,181,2,14.99
803,172,162,1,24.99
804,172,1832,3,9.99
805,173,50,1,14.99
806,173,1014,2,24.99
807,173,742,3,30.99
808,173,241,2,14.99
809,173,768,3,14.99
810,173,1352,3,24.99
811,173,647,2,14.99
812,174,483,1,19.99
813,174,712,1,9.99
814,174,624,2,9.99
815,175,214,2,9.99
816,175,1446,1,24.99
817,175,997,3,9.99
818,175,1610,3,19.99
819,175,858,1,24.99
820,176,100,2,24.99
821,176,1124,3,14.99
822,176,994,2,24.99
823,176,898,3,19.99
824,176,270,3,24.99
825,177,218,3,9.99
826,177,804,3,19.99
827,177,12,3,30.99
828,177,869,1,19.99
829,177,142,2,14.99
830,177,1253,3,9.99
831,177,872,3,30.99
832,178,734,1,14.99
833,178,1286,2,9.99
834,178,1068,1,19.99
835,179,1127,3,30.99
836,179,1736,1,19.99
837,179,1090,3,19.99
838,180,1052,1,14.99
839,180,463,2,19.99
840,180,1420,2,24.99
841,181,16,2,14.99
842,181,603,2,24.99
843,181,284,2,30.99
844,181,523,1,30.99
845,181,1570,3,19.99
846,182,1559,3,14.99
847,182,1344,3,24.99
848,182,423,1,30.99
849,182,369,1,24.99
850,182,282,3,9.99
851,182,1308,2,9.99
852,182,56,1,30.99
853,182,658,1,19.99
854,183,366,2,14.99
855,183,747,1,30.99
856,183,1830,2,14.99
857,183,1338,3,14.99
858,183,1615,2,9.99
859,183,1302,2,24.99
860,183,386,2,30.99
861,184,1063,2,14.99
862,184,1892,3,9.99
863,184,1074,1,14.99
864,185,1398,2,9.99
865,185,1914,2,14.99
866,185,1097,3,24.99
867,185,379,1,9.99
868,185,1928,1,19.99
869,186,907,1,9.99
870,186,1644,3,30.99
871,186,635,3,9.99
872,186,1215,2,9.99
873,186,1719,3,24.99
874,186,1762,1,24.99
875,186,1343,3,30.99
876,187,302,3,24.99
877,187,137,3,19.99
878,187,1060,3,9.99
879,187,148,2,19.99
880,187,1920,3,14.99
881,187,768,3,14.99
882,187,1201,2,24.99
883,188,892,3,9.99
884,188,1718,3,19.99
885,189,719,2,14.99
886,189,1730,3,30.99
887,189,1362,1,19.99
888,189,1668,2,30.99
889,189,1244,2,24.99
890,189,561,1,30.99
891,189,1078,1,24.99
892,189,355,1,19.99
893,190,777,1,24.99
894,190,729,2,14.99
895,190,1057,3,9.99
896,190,482,3,9.99
897,190,942,1,24.99
898,190,255,1,19.99
899,190,222,2,9.99
900,190,2,1,9.99
901,191,712,2,9.99
902,191,1573,3,14.99
903,191,1905,1,14.99
904,191,1327,2,9.99
905,191,1133,2,24.99
906,191,126,1,9.99
907,192,1550,3,30.99
908,193,13,1,24.99
909,193,1484,3,14.99
910,194,107,2,30.99
911,194,745,3,30.99
912,195,778,1,9.99
913,195,1870,3,9.99
914,195,9,2,14.99
915,195,964,1,30.99
916,196,180,2,24.99
917,196,497,1,24.99
918,196,1787,1,30.99
919,196,844,1,24.99
920,197,106,2,30.99
921,197,238,1,30.99
922,197,1664,1,19.99
923,197,275,1,9.99
924,197,477,2,9.99
925,197,130,3,19.99
926,197,1405,3,30.99
927,197,1556,3,9.99
928,198,1925,2,30.99
929,198,799,2,24.99
930,198,1699,3,14.99
931,198,135,1,24.99
932,199,713,1,30.99
933,199,11,2,19.99
934,199,1018,2,19.99
935,199,298,3,19.99
936,199,740,1,19.99
937,200,642,2,19.99
938,200,1852,2,30.99
939,200,804,1,19.99
940,200,557,1,19.99
941,200,1178,1,19.99
942,200,232,1,30.99
943,200,1096,3,19.99
944,200,655,2,9.99
945,201,1512,3,9.99
946,201,552,1,24.99
947,202,1437,3,19.99
948,202,229,2,24.99
949,202,1155,1,9.99
950,203,1329,3,24.99
951,203,969,3,24.99
952,203,537,3,14.99
953,203,1461,3,30.99
954,203,686,2,30.99
955,203,198,2,30.99
956,204,1548,1,19.99
957,204,445,3,9.99
958,204,907,2,9.99
959,204,32,3,30.99
960,204,517,1,9.99
961,205,1470,2,24.99
962,205,357,1,9.99
963,206,1654,3,19.99
964,206,1102,3,30.99
965,206,190,1,24.99
966,206,1765,2,24.99
967,206,1104,1,24.99
968,206,821,1,9.99
969,206,1162,3,9.99
970,207,1144,2,14.99
971,207,1491,2,30.99
972,207,1449,3,19.99
973,207,1843,1,14.99
974,208,1037,3,30.99
975,208,1333,3,14.99
976,209,1529,2,24.99
977,209,1026,1,30.99
978,210,1659,3,9.99
979,210,482,2,9.99
980,210,1036,1,19.99
981,210,996,2,30.99
982,211,1414,3,14.99
983,211,1242,1,24.99
984,211,1801,3,30.99
985,211,494,1,14.99
986,211,1302,3,24.99
987,211,1057,2,9.99
988,211,1190,1,30.99
989,211,1687,1,19.99
990,212,425,1,9.99
991,212,448,3,19.99
992,212,1910,3,24.99
993,212,1389,1,14.99
994,212,759,3,30.99
995,213,1272,2,9.99
996,213,165,1,19.99
997,213,712,3,9.99
998,213,759,2,30.99
999,214,1017,3,9.99
1000,214,139,2,14.99
1001,214,339,2,24.99
1002,215,1794,1,19.99
1003,216,323,1,30.99
1004,216,300,3,24.99
1005,217,178,1,24.99
1006,217,1214,1,24.99
1007,217,693,1,30.99
1008,217,268,2,19.99
1009,217,518,1,30.99
1010,218,298,3,19.99
1011,218,417,3,30.99
1012,218,1490,2,14.99
1013,218,1843,2,14.99
1014,218,862,2,24.99
1015,218,1404,1,9.99
1016,218,809,1,19.99
1017,219,1657,3,9.99
1018,219,1,1,30.99
1019,219,1625,2,19.99
1020,219,1371,3,9.99
1021,219,1839,3,14.99
1022,219,1654,1,19.99
1023,220,1499,3,30.99
1024,220,1419,1,9.99
1025,220,1229,3,19.99
1026,221,1238,3,14.99
1027,221,1234,3,24.99
1028,221,1068,2,19.99
1029,221,851,2,24.99
1030,221,1536,2,24.99
1031,221,226,1,9.99
1032,221,1889,1,9.99
1033,222,1245,2,24.99
1034,222,952,1,14.99
1035,222,255,3,19.99
1036,222,1410,3,14.99
1037,222,395,3,24.99
1038,222,1197,1,24.99
1039,223,895,1,19.99
1040,223,925,1,19.99
1041,223,93,3,14.99
1042,223,902,2,9.99
1043,223,1603,3,9.99
1044,224,1688,2,14.99
1045,224,157,2,24.99
1046,225,1178,1,19.99
1047,225,510,1,24.99
1048,225,1104,2,24.99
1049,225,1507,3,24.99
1050,225,459,3,14.99
1051,225,733,3,9.99
1052,226,1209,2,19.99
1053,227,1468,2,19.99
1054,227,1625,2,19.99
1055,227,132,2,30.99
1056,227,130,2,19.99
1057,227,438,2,19.99
1058,228,654,2,19.99
1059,228,1212,1,14.99
1060,228,1720,3,9.99
1061,228,200,3,9.99
1062,228,1766,1,24.99
1063,228,406,1,14.99
1064,229,1198,1,19.99
1065,229,1167,1,9.99
1066,230,357,2,9.99
1067,230,1366,2,24.99
1068,230,910,2,30.99
1069,230,1088,3,19.99
1070,230,1126,1,19.99
1071,230,1100,1,9.99
1072,230,241,1,14.99
1073,231,626,2,19.99
1074,231,1702,3,19.99
1075,232,382,1,14.99
1076,232,146,1,24.99
1077,232,1680,1,30.99
1078,232,692,2,9.99
1079,233,411,2,24.99
1080,233,415,1,9.99
1081,233,1170,2,19.99
1082,233,832,2,19.99
1083,234,932,1,9.99
1084,234,696,3,14.99
1085,234,650,1,9.99
1086,234,64,2,24.99
1087,234,483,3,19.99
1088,235,1728,2,9.99
1089,235,2,2,9.99
1090,235,1554,1,30.99
1091,235,1361,2,19.99
1092,236,1426,1,14.99
1093,236,1735,1,30.99
1094,237,1838,3,30.99
1095,237,1012,1,14.99
1096,237,486,2,24.99
1097,237,365,1,9.99
1098,237,417,2,30.99
1099,238,20,3,9.99
1100,238,318,1,30.99
1101,238,556,3,24.99
1102,238,363,3,19.99
1103,238,356,1,14.99
1104,238,213,1,14.99
1105,239,228,3,30.99
1106,239,950,3,19.99
1107,239,152,2,9.99
1108,239,751,1,19.99
1109,239,138,1,19.99
1110,240,456,3,24.99
1111,240,1163,3,19.99
1112,240,1355,1,30.99
1113,240,280,3,19.99
1114,240,592,3,30.99
1115,241,679,2,19.99
1116,241,599,2,14.99
1117,241,963,1,19.99
1118,241,649,3,30.99
1119,241,1737,2,19.99
1120,242,121,1,9.99
1121,242,808,1,19.99
1122,243,1278,1,19.99
1123,243,1097,1,24.99
1124,243,1419,3,9.99
1125,244,504,2,30.99
1126,245,1423,1,14.99
1127,245,1631,1,14.99
1128,245,567,1,9.99
1129,245,860,1,19.99
1130,246,1232,2,30.99
1131,246,1839,3,14.99
1132,246,858,2,24.99
1133,246,1076,3,30.99
1134,246,214,1,9.99
1135,246,11,1,19.99
1136,246,1771,2,14.99
1137,246,1201,2,24.99
1138,247,1145,1,19.99
1139,248,1059,2,14.99
1140,248,997,1,9.99
1141,248,186,1,14.99
1142,248,1807,1,9.99
1143,249,1141,2,14.99
1144,249,15,2,9.99
1145,250,1543,3,14.99
1146,250,1052,1,14.99
1147,250,368,1,14.99
1148,250,1003,2,14.99
1149,250,1382,1,14.99
1150,250,104,2,24.99
1151,250,1003,1,14.99
1152,250,1194,2,14.99
1153,251,1561,1,14.99
1154,251,630,3,14.99
1155,252,119,3,24.99
1156,252,980,1,14.99
1157,252,718,2,9.99
1158,252,110,2,9.99
1159,252,1464,2,30.99
1160,252,250,3,9.99
1161,253,959,1,9.99
1162,254,659,3,9.99
1163,255,355,1,19.99
1164,255,1288,3,14.99
1165,255,990,2,30.99
1166,255,1676,3,19.99
1167,256,948,3,24.99
1168,257,1621,1,19.99
1169,257,573,1,24.99
1170,258,1566,1,30.99
1171,259,384,2,30.99
1172,259,981,2,24.99
1173,259,1751,2,24.99
1174,259,459,1,14.99
1175,260,613,1,19.99
1176,260,844,2,24.99
1177,260,1132,2,14.99
1178,260,1263,1,9.99
1179,260,64,3,24.99
1180,260,1656,3,30.99
1181,260,1018,3,19.99
1182,261,1837,3,9.99
1183,261,1470,2,24.99
1184,262,989,3,14.99
1185,262,11,1,19.99
1186,262,525,3,30.99
1187,262,970,2,9.99
1188,262,879,2,24.99
1189,262,673,3,24.99
1190,262,665,1,30.99
1191,262,192,1,9.99
1192,263,844,2,24.99
1193,263,676,1,9.99
1194,263,1024,1,30.99
1195,263,763,2,30.99
1196,264,1412,3,24.99
1197,264,1346,1,19.99
1198,264,1007,2,14.99
1199,264,250,3,9.99
1200,264,1008,1,24.99
1201,264,225,1,30.99
1202,264,1749,1,24.99
1203,264,495,3,24.99
1204,265,295,3,9.99
1205,265,876,3,24.99
1206,265,1137,2,24.99
1207,265,1179,2,14.99
1208,266,1388,1,14.99
1209,266,1028,3,9.99
1210,266,179,2,14.99
1211,266,930,2,24.99
1212,266,1311,2,9.99
1213,266,201,1,24.99
1214,266,440,1,9.99
1215,266,240,3,24.99
1216,267,1591,2,30.99
1217,267,1648,3,9.99
1218,267,1234,3,24.99
1219,267,182,3,19.99
1220,267,327,1,14.99
1221,267,1294,1,24.99
1222,267,1059,1,14.99
1223,267,594,1,24.99
1224,268,1134,3,14.99
1225,268,1359,3,19.99
1226,268,1699,1,14.99
1227,268,1834,3,9.99
1228,269,623,3,19.99
1229,269,901,2,24.99
1230,269,149,2,9.99
1231,270,599,2,14.99
1232,270,1253,1,9.99
1233,270,1570,1,19.99
1234,270,572,2,30.99
1235,271,1891,1,30.99
1236,271,419,3,9.99
1237,271,1600,1,19.99
1238,272,1221,2,30.99
1239,272,955,2,14.99
1240,273,157,3,24.99
1241,273,1676,3,19.99
1242,273,1904,2,14.99
1243,273,1377,2,19.99
1244,273,266,2,24.99
1245,274,326,1,19.99
1246,274,765,1,19.99
1247,274,906,1,30.99
1248,274,543,2,24.99
1249,274,1161,1,30.99
1250,274,515,3,30.99
1251,274,1177,3,9.99
1252,274,357,3,9.99
1253,275,611,1,19.99
1254,275,234,2,9.99
1255,275,1184,1,14.99
1256,275,1338,3,14.99
1257,275,1411,2,19.99
1258,276,485,1,24.99
1259,276,1101,2,19.99
1260,276,497,1,24.99
1261,276,241,3,14.99
1262,276,1340,1,9.99
1263,277,109,1,24.99
1264,277,880,1,30.99
1265,277,715,2,19.99
1266,278,1062,1,24.99
1267,278,726,3,14.99
1268,278,825,1,30.99
1269,279,519,2,24.99
1270,279,997,1,9.99
1271,279,1132,1,14.99
1272,279,1727,2,14.99
1273,279,1729,2,24.99
1274,279,1702,3,19.99
1275,280,694,3,24.99
1276,280,1105,3,30.99
1277,280,268,2,19.99
1278,280,16,2,14.99
1279,280,405,3,14.99
1280,280,253,1,9.99
1281,281,1931,3,30.99
1282,281,420,1,30.99
1283,281,1164,1,19.99
1284,282,186,1,14.99
1285,282,691,1,9.99
1286,282,518,2,30.99
1287,282,167,2,14.99
1288,283,763,2,30.99
1289,283,1318,2,30.99
1290,283,922,2,19.99
1291,283,938,2,30.99
1292,284,1031,2,9.99
1293,284,1259,3,30.99
1294,284,182,2,19.99
1295,284,769,2,24.99
1296,284,781,2,14.99
1297,284,1282,1,19.99
1298,284,616,1,19.99
1299,284,1716,3,19.99
1300,285,80,3,24.99
1301,285,1911,3,19.99
1302,285,667,2,30.99
1303,285,896,1,30.99
1304,285,455,3,30.99
1305,285,305,2,9.99
1306,286,967,3,19.99
1307,287,246,1,9.99
1308,288,1036,3,19.99
1309,288,503,1,30.99
1310,288,26,3,9.99
1311,288,91,3,30.99
1312,288,282,3,9.99
1313,288,1449,2,19.99
1314,288,862,1,24.99
1315,288,755,1,30.99
1316,289,172,3,14.99
1317,289,341,3,30.99
1318,289,760,1,9.99
1319,289,1486,1,24.99
1320,289,997,1,9.99
1321,290,1487,2,9.99
1322,290,1269,1,9.99
1323,290,1866,1,9.99
1324,290,1810,2,24.99
1325,290,678,2,9.99
1326,290,1220,3,19.99
1327,291,1133,3,24.99
1328,291,1777,3,30.99
1329,291,1509,2,30.99
1330,291,441,3,19.99
1331,292,1766,3,24.99
1332,292,269,3,19.99
1333,292,1117,1,14.99
1334,293,77,1,30.99
1335,293,1434,1,19.99
1336,293,1281,2,30.99
1337,293,1143,3,14.99
1338,293,1722,3,19.99
1339,293,1464,1,30.99
1340,294,1300,2,14.99
1341,295,1418,1,9.99
1342,295,1218,1,19.99
1343,296,211,1,19.99
1344,296,547,3,14.99
1345,296,396,2,9.99
1346,296,710,2,24.99
1347,296,840,2,24.99
1348,296,1371,2,9.99
1349,296,944,2,19.99
1350,296,245,3,14.99
1351,297,767,1,14.99
1352,297,1241,2,14.99
1353,297,66,1,9.99
1354,297,378,2,19.99
1355,297,1749,1,24.99
1356,297,1263,1,9.99
1357,297,497,2,24.99
1358,297,1170,3,19.99
1359,298,1622,1,19.99
1360,298,547,2,14.99
1361,298,594,3,24.99
1362,298,1841,1,24.99
1363,298,616,3,19.99
1364,298,1050,1,24.99
1365,298,1359,1,19.99
1366,299,826,1,19.99
1367,299,489,1,19.99
1368,299,1131,1,9.99
1369,299,1880,3,14.99
1370,300,537,3,14.99
1371,300,1179,2,14.99
1372,300,522,3,9.99
1373,300,1179,3,14.99
1374,300,774,1,24.99
1375,300,1170,1,19.99
1376,300,673,2,24.99
1377,300,1034,1,30.99
1378,301,288,1,9.99
1379,301,1485,3,24.99
1380,301,332,3,30.99
1381,302,1340,2,9.99
1382,302,1727,3,14.99
1383,302,1667,2,24.99
1384,302,1196,3,19.99
1385,303,1824,1,19.99
1386,303,127,3,9.99
1387,304,488,2,24.99
1388,304,423,3,30.99
1389,304,641,2,9.99
1390,304,705,3,24.99
1391,304,1054,2,24.99
1392,304,254,2,9.99
1393,304,474,3,19.99
1394,305,1584,3,14.99
1395,305,950,1,19.99
1396,305,301,1,19.99
1397,306,131,2,30.99
1398,306,629,2,30.99
1399,306,896,2,30.99
1400,306,871,1,30.99
1401,307,343,1,19.99
1402,307,1906,2,30.99
1403,307,1225,2,9.99
1404,307,1647,2,24.99
1405,307,1103,2,30.99
1406,308,1926,1,30.99
1407,308,518,2,30.99
1408,308,1438,1,14.99
1409,308,1778,1,19.99
1410,308,1016,1,24.99
1411,309,372,1,30.99
1412,309,1411,1,19.99
1413,310,1174,1,24.99
1414,310,896,1,30.99
1415,311,1353,1,9.99
1416,312,1335,1,9.99
1417,312,1682,3,9.99
1418,312,1892,2,9.99
1419,312,139,3,14.99
1420,312,1633,3,14.99
1421,313,557,1,19.99
1422,313,1199,3,9.99
1423,313,206,3,24.99
1424,313,1174,1,24.99
1425,313,1749,3,24.99
1426,314,49,2,19.99
1427,314,1200,3,14.99
1428,314,121,1,9.99
1429,314,1805,2,19.99
1430,314,1040,3,14.99
1431,314,1419,2,9.99
1432,315,143,3,19.99
1433,315,1186,1,30.99
1434,315,1425,1,9.99
1435,315,794,1,30.99
1436,315,594,3,24.99
1437,316,1273,1,30.99
1438,316,1216,1,19.99
1439,316,936,3,9.99
1440,316,1287,1,14.99
1441,316,356,2,14.99
1442,317,1885,2,19.99
1443,317,1037,1,30.99
1444,317,1770,2,14.99
1445,317,17,2,30.99
1446,317,965,3,19.99
1447,317,976,3,9.99
1448,317,835,2,9.99
1449,317,160,2,14.99
1450,318,310,1,19.99
1451,318,1400,1,24.99
1452,319,681,1,24.99
1453,319,737,1,30.99
1454,319,7,3,9.99
1455,319,1861,2,14.99
1456,319,860,3,19.99
1457,319,801,1,30.99
1458,320,1593,2,19.99
1459,320,1811,1,19.99
1460,320,721,1,24.99
1461,320,194,1,9.99
1462,320,334,3,24.99
1463,320,1261,2,24.99
1464,321,610,3,19.99
1465,321,158,2,30.99
1466,321,643,1,30.99
1467,321,1090,1,19.99
1468,322,300,1,24.99
1469,323,475,3,14.99
1470,323,1789,2,14.99
1471,323,1632,2,19.99
1472,323,1868,2,24.99
1473,324,993,3,14.99
1474,324,1023,3,19.99
1475,325,21,3,14.99
1476,325,1468,1,19.99
1477,325,359,2,30.99
1478,325,42,1,9.99
1479,325,1175,2,9.99
1480,326,1336,3,24.99
1481,326,852,1,14.99
1482,326,870,2,14.99
1483,326,54,1,24.99
1484,326,694,1,24.99
1485,326,1111,1,14.99
1486,327,728,1,30.99
1487,327,876,2,24.99
1488,327,1442,2,19.99
1489,328,173,2,24.99
1490,328,957,3,14.99
1491,328,314,2,19.99
1492,328,450,1,30.99
1493,328,747,1,30.99
1494,328,1783,1,19.99
1495,328,465,3,24.99
1496,329,822,1,9.99
1497,329,515,2,30.99
1498,329,560,1,30.99
1499,329,102,3,30.99
1500,329,1698,2,19.99
1501,329,729,2,14.99
1502,329,727,1,24.99
1503,330,1214,3,24.99
1504,330,690,2,24.99
1505,330,498,3,9.99
1506,330,1571,2,9.99
1507,330,1919,2,19.99
1508,331,903,1,19.99
1509,331,1866,2,9.99
1510,331,747,3,30.99
1511,331,859,2,24.99
1512,331,573,1,24.99
1513,332,915,2,19.99
1514,332,582,3,9.99
1515,332,1394,1,14.99
1516,332,430,2,9.99
1517,332,1612,1,19.99
1518,332,392,2,30.99
1519,332,1240,2,24.99
1520,332,514,3,19.99
1521,333,1823,1,30.99
1522,333,592,3,30.99
1523,334,694,1,24.99
1524,334,853,2,9.99
1525,334,4,1,19.99
1526,334,790,3,19.99
1527,335,1127,1,30.99
1528,335,1394,3,14.99
1529,335,25,3,30.99
1530,335,1351,1,30.99
1531,335,795,1,24.99
1532,335,286,1,24.99
1533,335,1768,3,30.99
1534,335,434,1,14.99
1535,336,1769,1,19.99
1536,336,1046,2,24.99
1537,336,114,1,9.99
1538,336,833,1,19.99
1539,336,364,3,9.99
1540,336,880,3,30.99
1541,336,169,1,9.99
1542,337,1850,1,9.99
1543,337,273,3,9.99
1544,337,241,1,14.99
1545,338,775,2,9.99
1546,338,1048,2,9.99
1547,338,761,2,9.99
1548,338,56,3,30.99
1549,338,1759,1,19.99
1550,338,547,2,14.99
1551,338,1227,1,9.99
1552,339,863,1,19.99
1553,339,1595,1,9.99
1554,339,175,1,14.99
1555,339,1926,3,30.99
1556,339,799,2,24.99
1557,339,138,3,19.99
1558,340,1700,1,24.99
1559,340,475,3,14.99
1560,340,1630,3,9.99
1561,340,946,1,19.99
1562,340,1527,3,19.99
1563,340,902,3,9.99
1564,340,832,1,19.99
1565,341,1475,1,9.99
1566,341,632,1,14.99
1567,341,1131,1,9.99
1568,341,91,1,30.99
1569,341,140,1,30.99
1570,341,1835,1,14.99
1571,342,804,2,19.99
1572,343,1703,2,9.99
1573,343,97,1,24.99
1574,343,1066,3,30.99
1575,343,499,2,9.99
1576,343,1697,2,9.99
1577,343,79,3,14.99
1578,343,497,3,24.99
1579,344,985,1,14.99
1580,344,574,3,19.99
1581,344,1210,1,30.99
1582,344,137,1,19.99
1583,344,747,2,30.99
1584,344,142,2,14.99
1585,344,1193,1,19.99
1586,345,1365,1,19.99
1587,346,505,2,19.99
1588,346,808,3,19.99
1589,346,1523,1,14.99
1590,346,1351,1,30.99
1591,346,477,2,9.99
1592,346,1035,3,9.99
1593,347,1651,2,30.99
1594,348,1478,2,30.99
1595,348,107,1,30.99
1596,348,43,1,19.99
1597,348,1859,2,19.99
1598,348,298,3,19.99
1599,348,1648,3,9.99
1600,348,396,1,9.99
1601,349,1846,3,19.99
1602,349,1523,3,14.99
1603,349,859,3,24.99
1604,349,962,2,24.99
1605,350,94,1,24.99
1606,350,299,2,14.99
1607,350,52,2,9.99
1608,350,199,1,30.99
1609,350,927,1,24.99
1610,350,1247,2,30.99
1611,350,485,1,24.99
1612,350,335,3,9.99
1613,351,801,2,30.99
1614,351,292,3,9.99
1615,352,1543,1,14.99
1616,352,470,1,30.99
1617,352,537,1,14.99
1618,352,1488,1,19.99
1619,352,241,3,14.99
1620,352,1591,1,30.99
1621,353,1553,2,9.99
1622,353,964,1,30.99
1623,353,1445,2,9.99
1624,354,853,2,9.99
1625,354,100,2,24.99
1626,354,1730,2,30.99
1627,354,851,1,24.99
1628,354,1812,2,24.99
1629,354,481,2,30.99
1630,355,814,2,30.99
1631,355,355,2,19.99
1632,355,1294,3,24.99
1633,356,1742,1,19.99
1634,356,1397,3,14.99
1635,356,469,2,24.99
1636,356,1511,3,24.99
1637,356,382,2,14.99
1638,357,176,1,24.99
1639,357,158,2,30.99
1640,357,464,2,30.99
1641,357,1289,2,30.99
1642,357,957,1,14.99
1643,357,525,1,30.99
1644,358,359,2,30.99
1645,358,1496,3,9.99
1646,358,293,2,14.99
1647,359,603,2,24.99
1648,359,1087,3,9.99
1649,359,188,3,19.99
1650,359,1779,3,30.99
1651,359,1268,2,19.99
1652,359,83,2,24.99
1653,359,801,3,30.99
1654,359,168,3,30.99
1655,360,1177,1,9.99
1656,360,953,3,14.99
1657,360,494,1,14.99
1658,360,38,3,24.99
1659,361,298,3,19.99
1660,361,94,2,24.99
1661,361,1476,3,24.99
1662,361,1828,1,30.99
1663,361,828,1,30.99
1664,361,687,1,14.99
1665,361,360,3,9.99
1666,362,1586,3,14.99
1667,362,332,3,30.99
1668,363,205,2,30.99
1669,364,1041,2,24.99
1670,364,1130,1,30.99
1671,364,1018,1,19.99
1672,364,1910,2,24.99
1673,364,1175,2,9.99
1674,364,911,3,14.99
1675,364,991,1,24.99
1676,364,1043,2,9.99
1677,365,13,1,24.99
1678,365,1434,2,19.99
1679,365,1447,2,19.99
1680,366,113,2,30.99
1681,366,1160,2,9.99
1682,366,1072,3,19.99
1683,367,296,2,14.99
1684,367,1488,1,19.99
1685,367,1416,3,19.99
1686,367,783,1,30.99
1687,367,443,2,9.99
1688,367,466,2,9.99
1689,367,1753,2,24.99
1690,367,1083,3,9.99
1691,368,1457,1,14.99
1692,368,299,3,14.99
1693,368,1627,2,19.99
1694,368,39,3,19.99
1695,368,1064,3,19.99
1696,369,601,3,24.99
1697,369,372,2,30.99
1698,370,236,2,24.99
1699,370,649,2,30.99
1700,370,1205,1,14.99
1701,370,330,1,19.99
1702,370,1262,2,9.99
1703,370,119,2,24.99
1704,370,992,3,19.99
1705,370,60,3,24.99
1706,371,311,1,19.99
1707,371,1850,3,9.99
1708,371,1896,1,19.99
1709,371,1263,3,9.99
1710,371,674,1,14.99
1711,372,13,2,24.99
1712,372,1228,1,14.99
1713,372,588,3,19.99
1714,372,1836,1,30.99
1715,373,1604,3,24.99
1716,373,1820,1,14.99
1717,373,825,1,30.99
1718,373,735,2,19.99
1719,374,89,2,30.99
1720,374,18,1,14.99
1721,375,184,2,14.99
1722,375,1447,1,19.99
1723,375,360,2,9.99
1724,375,830,3,9.99
1725,376,1602,1,24.99
1726,376,1221,3,30.99
1727,376,1784,2,14.99
1728,376,1184,2,14.99
1729,376,138,1,19.99
1730,377,1164,1,19.99
1731,377,1873,2,9.99
1732,378,400,3,19.99
1733,378,1347,2,9.99
1734,378,1364,3,9.99
1735,379,1061,3,9.99
1736,380,705,3,24.99
1737,380,1425,1,9.99
1738,380,315,3,24.99
1739,380,30,3,24.99
1740,381,706,2,30.99
1741,381,641,1,9.99
1742,381,58,3,14.99
1743,381,660,3,30.99
1744,381,1193,1,19.99
1745,381,92,2,14.99
1746,381,613,1,19.99
1747,382,291,3,14.99
1748,382,1900,2,30.99
1749,382,754,2,30.99
1750,382,353,2,14.99
1751,382,747,1,30.99
1752,383,901,1,24.99
1753,383,1570,3,19.99
1754,383,416,3,24.99
1755,383,1733,1,14.99
1756,383,1440,3,19.99
1757,383,240,3,24.99
1758,383,540,3,9.99
1759,384,1655,2,9.99
1760,385,555,2,30.99
1761,385,732,1,14.99
1762,385,183,1,24.99
1763,385,1726,2,19.99
1764,385,1596,2,9.99
1765,386,473,1,14.99
1766,386,160,1,14.99
1767,386,193,1,30.99
1768,386,501,3,30.99
1769,387,909,3,9.99
1770,387,319,1,19.99
1771,388,1750,1,24.99
1772,388,1701,1,19.99
1773,388,1829,3,9.99
1774,388,105,3,9.99
1775,388,1386,3,24.99
1776,388,168,1,30.99
1777,389,868,1,19.99
1778,390,270,3,24.99
1779,390,1727,1,14.99
1780,390,1657,3,9.99
1781,390,771,3,30.99
1782,391,1780,2,30.99
1783,391,467,1,14.99
1784,391,159,3,14.99
1785,391,968,2,19.99
1786,391,161,2,9.99
1787,392,957,3,14.99
1788,393,1214,1,24.99
1789,393,1794,1,19.99
1790,393,1263,2,9.99
1791,393,1443,2,19.99
1792,393,33,1,30.99
1793,393,1745,3,24.99
1794,393,1412,1,24.99
1795,393,313,1,19.99
1796,394,1766,1,24.99
1797,394,60,2,24.99
1798,394,1334,2,30.99
1799,394,1349,1,24.99
1800,394,813,3,9.99
1801,395,1418,1,9.99
1802,395,1014,2,24.99
1803,395,773,2,24.99
1804,395,1160,1,9.99
1805,395,1395,3,14.99
1806,395,1780,2,30.99
1807,395,929,3,9.99
1808,395,460,1,30.99
1809,396,102,2,30.99
1810,396,512,3,9.99
1811,396,130,3,19.99
1812,396,756,2,30.99
1813,397,1593,1,19.99
1814,397,858,2,24.99
1815,398,224,1,30.99
1816,398,1323,3,14.99
1817,398,1118,2,9.99
1818,398,1708,3,9.99
1819,399,1870,3,9.99
1820,399,273,1,9.99
1821,400,1068,2,19.99
1822,400,1435,3,30.99
1823,400,1491,1,30.99
1824,400,1617,3,14.99
